Position,CDS Mutation,AA Mutation,Mutation ID (COSM),Count,Type
1047,c.3140A>G,p.H1047R,775,1342,substitution_missense
545,c.1633G>A,p.E545K,763,838,substitution_missense
542,c.1624G>A,p.E542K,760,523,substitution_missense
1047,c.?,p.H1047R,29325,441,substitution_missense
545,c.?,p.E545K,29328,233,substitution_missense
1047,c.3140A>T,p.H1047L,776,179,substitution_missense
542,c.?,p.E542K,29329,163,substitution_missense
545,c.1634A>C,p.E545A,12458,94,substitution_missense
546,c.1636C>A,p.Q546K,766,83,substitution_missense
545,c.1634A>G,p.E545G,764,74,substitution_missense
88,c.263G>A,p.R88Q,746,45,substitution_missense
1043,c.3129G>T,p.M1043I,773,41,substitution_missense
1047,c.?,p.H1047L,30744,36,substitution_missense
345,c.1035T>A,p.N345K,754,36,substitution_missense
1047,c.3139C>T,p.H1047Y,774,35,substitution_missense
420,c.1258T>C,p.C420R,757,34,substitution_missense
546,c.1637A>G,p.Q546R,12459,26,substitution_missense
1049,c.3145G>C,p.G1049R,12597,25,substitution_missense
1021,c.3062A>G,p.Y1021C,12461,21,substitution_missense
545,c.?,p.E545?,49166,19,substitution_missense
1025,c.3075C>T,p.T1025T,21451,19,substitution_synonymous
1025,c.3073A>G,p.T1025A,771,19,substitution_missense
1043,c.3127A>G,p.M1043V,12591,18,substitution_missense
545,c.1633G>C,p.E545Q,27133,17,substitution_missense
1043,c.3129G>A,p.M1043I,29313,16,substitution_missense
539,c.1616C>G,p.P539R,759,16,substitution_missense
118,c.353G>A,p.G118D,751,16,substitution_missense
1068,c.3204_3205insA,p.N1068fs*4,12464,15,insertion_frameshift
546,c.1637A>C,p.Q546P,767,15,substitution_missense
1049,c.3145G>A,p.G1049S,777,13,substitution_missense
1025,c.3073A>K,p.T1025?,303901,13,substitution_missense
553,c.1658_1659GT>C,p.S553fs*7,27488,12,complex
546,c.1636C>G,p.Q546E,6147,12,substitution_missense
546,c.?,p.Q546K,30738,11,substitution_missense
1047,c.?,p.H1047Y,29326,11,substitution_missense
545,c.1635G>C,p.E545D,27374,11,substitution_missense
545,c.1635G>T,p.E545D,765,11,substitution_missense
1049,c.?,p.G1049R,29327,10,substitution_missense
547,c.1639G>A,p.E547K,29315,10,substitution_missense
111,c.331A>G,p.K111E,13570,10,substitution_missense
345,c.?,p.N345K,36200,9,substitution_missense
453,c.1357G>A,p.E453K,12584,9,substitution_missense
1049,c.3147T>C,p.G1049G,87299,8,substitution_synonymous
1044,c.3132T>A,p.N1044K,12592,8,substitution_missense
542,c.1625A>T,p.E542V,762,8,substitution_missense
542,c.1624G>C,p.E542Q,17442,8,substitution_missense
108,c.323G>A,p.R108H,27497,8,substitution_missense
1052,c.3155C>A,p.T1052K,17447,7,substitution_missense
111,c.333G>C,p.K111N,12580,7,substitution_missense
93,c.278G>A,p.R93Q,86041,7,substitution_missense
93,c.277C>T,p.R93W,27493,7,substitution_missense
38,c.113G>A,p.R38H,745,7,substitution_missense
1046,c.3136G>A,p.A1046T,27273,6,substitution_missense
1007,c.3019G>C,p.G1007R,17443,6,substitution_missense
81,c.241G>A,p.E81K,27502,6,substitution_missense
1049,c.?,p.G1049S,86997,5,substitution_missense
545,c.?,p.E545G,37035,5,substitution_missense
1066,c.3197C>T,p.A1066V,13477,5,substitution_missense
1045,c.3133G>A,p.D1045N,25086,5,substitution_missense
901,c.2702G>T,p.C901F,769,5,substitution_missense
726,c.2176G>A,p.E726K,87306,5,substitution_missense
546,c.1637A>T,p.Q546L,25041,5,substitution_missense
418,c.1252G>A,p.E418K,12582,5,substitution_missense
378,c.1132T>C,p.C378R,756,5,substitution_missense
344,c.1031T>G,p.V344G,22540,5,substitution_missense
106,c.317G>T,p.G106V,748,5,substitution_missense
88,c.?,p.R88Q,219808,4,substitution_missense
81,c.?,p.E81K,219807,4,substitution_missense
545,c.?,p.E545Q,30745,4,substitution_missense
1065,c.3194A>T,p.H1065L,17448,4,substitution_missense
1049,c.3146G>C,p.G1049A,27158,4,substitution_missense
1048,c.3143A>G,p.H1048R,36289,4,substitution_missense
1043,c.3128T>C,p.M1043T,12463,4,substitution_missense
1023,c.3068G>A,p.R1023Q,13594,4,substitution_missense
1021,c.3061T>A,p.Y1021N,6143,4,substitution_missense
1020,c.3059C>T,p.A1020V,28938,4,substitution_missense
1004,c.3012G>T,p.M1004I,21446,4,substitution_missense
638,c.1913T>C,p.V638A,250052,4,substitution_missense
546,c.1638G>T,p.Q546H,24712,4,substitution_missense
545,c.1634A>T,p.E545V,27155,4,substitution_missense
365,c.1093G>A,p.E365K,86044,4,substitution_missense
110,c.328G>A,p.E110K,6145,4,substitution_missense
1043,c.?,p.M1043I,249143,3,substitution_missense
549,c.?,p.D549N,37023,3,substitution_missense
1043,c.?,p.M1043V,30743,3,substitution_missense
1025,c.?,p.T1025A,30742,3,substitution_missense
1021,c.?,p.Y1021C,30741,3,substitution_missense
111,c.?,p.K111N,27541,3,substitution_missense
1069,c.3207A>G,p.*1069_*1069insWKDN*,17449,3,insertion_inframe
1062,c.3184A>G,p.I1062V,29108,3,substitution_missense
1050,c.3149G>A,p.G1050D,17446,3,substitution_missense
1047,c.3141T>G,p.H1047Q,24714,3,substitution_missense
1044,c.3132T>G,p.N1044K,27504,3,substitution_missense
1044,c.3130A>G,p.N1044D,27134,3,substitution_missense
1039,c.3115T>C,p.F1039L,29110,3,substitution_missense
1035,c.3104C>T,p.A1035V,17445,3,substitution_missense
1029,c.3085G>C,p.D1029H,36286,3,substitution_missense
1025,c.3074C>T,p.T1025I,36285,3,substitution_missense
1025,c.3074C>A,p.T1025N,772,3,substitution_missense
1021,c.3061T>C,p.Y1021H,17444,3,substitution_missense
1017,c.3049G>C,p.D1017H,27377,3,substitution_missense
1015,c.3044C>T,p.S1015F,21464,3,substitution_missense
1009,c.3026G>A,p.G1009E,28544,3,substitution_missense
1008,c.3022T>C,p.S1008P,779,3,substitution_missense
1001,c.3001C>A,p.L1001I,29095,3,substitution_missense
909,c.2725T>C,p.F909L,770,3,substitution_missense
701,c.2102A>C,p.H701P,778,3,substitution_missense
544,c.1631C>A,p.T544N,249872,3,substitution_missense
538,c.1612G>A,p.D538N,21467,3,substitution_missense
522,c.1564G>A,p.E522K,28540,3,substitution_missense
471,c.1412C>T,p.P471L,136387,3,substitution_missense
453,c.1357G>C,p.E453Q,758,3,substitution_missense
364,c.1090G>A,p.G364R,86042,3,substitution_missense
344,c.1031T>C,p.V344A,86951,3,substitution_missense
344,c.1030G>A,p.V344M,253279,3,substitution_missense
111,c.333G>T,p.K111N,27505,3,substitution_missense
109,c.325_327delGAA,p.E109del,24710,3,deletion_inframe
1008,c.?,p.S1008P,330623,2,substitution_missense
345,c.?,p.N345D,305671,2,substitution_missense
111,c.?,p.K111E,249896,2,substitution_missense
365,c.?,p.E365K,249809,2,substitution_missense
420,c.?,p.C420R,219117,2,substitution_missense
93,c.?,p.R93W,219806,2,substitution_missense
545,c.?,p.E545V,144201,2,substitution_missense
539,c.?,p.P539R,132918,2,substitution_missense
545,c.?,p.E545A,85759,2,substitution_missense
1056,c.?,p.D1056N,42066,2,substitution_missense
1050,c.?,p.G1050D,42063,2,substitution_missense
546,c.?,p.Q546R,30739,2,substitution_missense
1068,c.3203_3204insA,p.N1068fs*5,249879,2,insertion_frameshift
1058,c.3172A>T,p.I1058F,30606,2,substitution_missense
1057,c.3171G>A,p.W1057*,29316,2,substitution_nonsense
1052,c.3155C>T,p.T1052I,33601,2,substitution_missense
1049,c.3146G>A,p.G1049D,308548,2,substitution_missense
1046,c.3137C>A,p.A1046E,27156,2,substitution_missense
1046,c.3137C>T,p.A1046V,6146,2,substitution_missense
1044,c.3131A>G,p.N1044S,22541,2,substitution_missense
1043,c.3129G>C,p.M1043I,94984,2,substitution_missense
1040,c.3120G>A,p.M1040I,25085,2,substitution_missense
1035,c.3103G>A,p.A1035T,27375,2,substitution_missense
1025,c.3073A>T,p.T1025S,12590,2,substitution_missense
1007,c.3020G>A,p.G1007D,25082,2,substitution_missense
1003,c.3007T>C,p.S1003P,328020,2,substitution_missense
970,c.2908G>A,p.E970K,94980,2,substitution_missense
567,c.1700A>G,p.K567R,30790,2,substitution_missense
552,c.1654T>G,p.W552G,21463,2,substitution_missense
551,c.1651C>T,p.L551L,308546,2,substitution_synonymous
549,c.1645G>A,p.D549N,17470,2,substitution_missense
543,c.1627A>G,p.I543V,25083,2,substitution_missense
542,c.1625A>C,p.E542A,1041495,2,substitution_missense
525,c.1573G>A,p.E525K,41783,2,substitution_missense
510,c.1530C>T,p.H510H,780,2,substitution_synonymous
350,c.1048G>A,p.D350N,582511,2,substitution_missense
345,c.1034A>T,p.N345I,94978,2,substitution_missense
324,c.971C>T,p.T324I,21462,2,substitution_missense
311,c.931A>G,p.I311V,87194,2,substitution_missense
310,c.928C>T,p.R310C,22539,2,substitution_missense
124,c.371C>T,p.P124L,19333,2,substitution_missense
122,c.365G>A,p.G122D,752,2,substitution_missense
115,c.344G>T,p.R115L,125368,2,substitution_missense
106,c.316G>C,p.G106R,86046,2,substitution_missense
39,c.115G>A,p.E39K,30625,2,substitution_missense
31,c.93A>G,p.I31M,27376,2,substitution_missense
12,c.35G>A,p.G12D,27495,2,substitution_missense
118,c.?,p.G118D,1142248,1,substitution_missense
1012,c.?,p.E1012G,330622,1,substitution_missense
539,c.?,p.P539S,330621,1,substitution_missense
542,c.?,p.E542G,249909,1,substitution_missense
1069,c.?,p.*1069W,249897,1,non_stop_extension
726,c.?,p.E726K,249895,1,substitution_missense
38,c.?,p.R38C,249808,1,substitution_missense
108,c.?,p.R108H,249807,1,substitution_missense
549,c.?,p.D549H,249144,1,substitution_missense
1007,c.?,p.G1007R,219810,1,substitution_missense
106,c.?,p.G106V,219809,1,substitution_missense
20,c.?,p.I20M,132919,1,substitution_missense
1059,c.?,p.F1059L,85755,1,substitution_missense
546,c.?,p.Q546L,85754,1,substitution_missense
719,c.?,p.L719F,51364,1,substitution_missense
449,c.?,p.P449T,51363,1,substitution_missense
38,c.?,p.R38H,49022,1,substitution_missense
1053,c.?,p.T1053I,42065,1,substitution_missense
1052,c.?,p.T1052I,42064,1,substitution_missense
1048,c.?,p.H1048T,42068,1,substitution_missense
1067,c.?,p.L1067F,42067,1,substitution_missense
1044,c.?,p.N1044K,37024,1,substitution_missense
453,c.?,p.E453del,36936,1,deletion_inframe
421,c.?,p.P421L,36935,1,substitution_missense
719,c.?,p.L719V,36203,1,substitution_missense
707,c.?,p.E707K,36202,1,substitution_missense
701,c.?,p.H701P,36201,1,substitution_missense
1017,c.?,p.D1017H,34164,1,substitution_missense
1012,c.?,p.E1012K,34133,1,substitution_missense
546,c.?,p.Q546H,30740,1,substitution_missense
545,c.?,p.E545D,30737,1,substitution_missense
1023,c.?,p.R1023Q,29213,1,substitution_missense
1047,c.?,p.H1047T,27487,1,substitution_missense
1048,c.?,p.H1048L,27161,1,substitution_missense
345,c.?,p.N345I,27162,1,substitution_missense
1069,c.3204_3205insTTCT,p.*1069fs*3,96844,1,insertion_frameshift
1065,c.3193C>T,p.H1065Y,6144,1,substitution_missense
1064,c.3191A>G,p.Q1064R,166343,1,substitution_missense
1065,c.3191_3192insA,p.H1065fs*6,27132,1,insertion_frameshift
1064,c.3189_3190insA,p.Q1064fs*7,96843,1,insertion_frameshift
1062,c.3185T>C,p.I1062T,249884,1,substitution_missense
1060,c.3180C>T,p.H1060H,28547,1,substitution_synonymous
1058,c.3172A>C,p.I1058L,479744,1,substitution_missense
1057,c.3169T>C,p.W1057R,249883,1,substitution_missense
1056,c.3167A>G,p.D1056G,29112,1,substitution_missense
1056,c.3166G>A,p.D1056N,33700,1,substitution_missense
1052,c.3154A>G,p.T1052A,219116,1,substitution_missense
1051,c.3153G>A,p.W1051*,30626,1,substitution_nonsense
1051,c.3152G>A,p.W1051*,308549,1,substitution_nonsense
1050,c.3148G>A,p.G1050S,249882,1,substitution_missense
1049,c.3147T>G,p.G1049G,21452,1,substitution_synonymous
1048,c.3144T>G,p.H1048Q,27157,1,substitution_missense
1048,c.3142C>G,p.H1048D,249881,1,substitution_missense
1048,c.3142C>T,p.H1048Y,249875,1,substitution_missense
1047,c.3140A>C,p.H1047P,249874,1,substitution_missense
1046,c.3138A>G,p.A1046A,782,1,substitution_synonymous
1045,c.3134A>T,p.D1045V,729814,1,substitution_missense
1044,c.3130A>T,p.N1044Y,36288,1,substitution_missense
1041,c.3123A>T,p.K1041N,28545,1,substitution_missense
1040,c.3119T>C,p.M1040T,163486,1,substitution_missense
1040,c.3118A>T,p.M1040L,86043,1,substitution_missense
1038,c.3113A>G,p.Y1038C,27489,1,substitution_missense
1037,c.3110A>G,p.E1037G,328026,1,substitution_missense
1037,c.3109G>A,p.E1037K,30627,1,substitution_missense
1036,c.3107T>C,p.L1036S,24713,1,substitution_missense
1034,c.3101A>G,p.E1034G,12462,1,substitution_missense
1033,c.3098A>G,p.Q1033R,303947,1,substitution_missense
1031,c.3092C>T,p.T1031I,28543,1,substitution_missense
1030,c.3088A>G,p.K1030E,28542,1,substitution_missense
1029,c.3087T>G,p.D1029E,27148,1,substitution_missense
1029,c.3085G>T,p.D1029Y,29640,1,substitution_missense
1027,c.3080_3081CC>TT,p.A1027V,142977,1,substitution_missense
1026,c.3077T>C,p.L1026P,25084,1,substitution_missense
1024,c.3071A>G,p.K1024R,30624,1,substitution_missense
1023,c.3068G>T,p.R1023L,41786,1,substitution_missense
1021,c.3062A>T,p.Y1021F,328025,1,substitution_missense
1019,c.3055A>G,p.I1019V,249140,1,substitution_missense
1019,c.3055A>T,p.I1019F,33959,1,substitution_missense
1018,c.3052G>A,p.D1018N,33599,1,substitution_missense
1017,c.3050A>T,p.D1017V,328024,1,substitution_missense
1016,c.3046T>C,p.F1016L,33600,1,substitution_missense
1015,c.3043T>C,p.S1015P,303946,1,substitution_missense
1014,c.3041A>G,p.Q1014R,328023,1,substitution_missense
1012,c.3036A>G,p.E1012E,27130,1,substitution_synonymous
1012,c.3034G>A,p.E1012K,307758,1,substitution_missense
1011,c.3033A>G,p.P1011P,27277,1,substitution_synonymous
1011,c.3032C>T,p.P1011L,328027,1,substitution_missense
1011,c.3031C>T,p.P1011S,28541,1,substitution_missense
1010,c.3030G>A,p.M1010I,29119,1,substitution_missense
1008,c.3023C>G,p.S1008C,249141,1,substitution_missense
1007,c.3021C>T,p.G1007G,303945,1,substitution_synonymous
1006,c.3017T>C,p.L1006P,328021,1,substitution_missense
1006,c.3016C>T,p.L1006F,328022,1,substitution_missense
1005,c.3013A>G,p.M1005V,249139,1,substitution_missense
1001,c.3002T>A,p.L1001H,33598,1,substitution_missense
1000,c.2998A>G,p.N1000D,328019,1,substitution_missense
998,c.2993T>C,p.F998S,328018,1,substitution_missense
997,c.2991C>G,p.L997L,166350,1,substitution_synonymous
995,c.2984C>A,p.A995D,303944,1,substitution_missense
993,c.2979G>A,p.Q993Q,166342,1,substitution_synonymous
992,c.2975G>C,p.R992P,1041515,1,substitution_missense
992,c.2975G>A,p.R992Q,249138,1,substitution_missense
989,c.2965C>A,p.L989I,41780,1,substitution_missense
987,c.2959G>A,p.A987T,27351,1,substitution_missense
986,c.2958G>T,p.K986N,87305,1,substitution_missense
983,c.2949G>A,p.M983I,328017,1,substitution_missense
982,c.2946G>T,p.E982D,21466,1,substitution_missense
982,c.2945A>G,p.E982G,29114,1,substitution_missense
982,c.2944G>C,p.E982Q,328016,1,substitution_missense
982,c.2944G>A,p.E982K,28546,1,substitution_missense
969,c.2905C>A,p.Q969K,729816,1,substitution_missense
955,c.2865T>G,p.V955V,276753,1,substitution_synonymous
951,c.2851C>T,p.R951C,177835,1,substitution_missense
939,c.2816A>G,p.D939G,1041513,1,substitution_missense
925,c.2775C>T,p.D925D,257729,1,substitution_synonymous
909,c.2727C>G,p.F909L,12589,1,substitution_missense
866,c.2598G>C,p.L866F,39499,1,substitution_missense
866,c.2597T>G,p.L866W,87311,1,substitution_missense
864,c.2592C>T,p.G864G,327065,1,substitution_synonymous
800,c.2400C>A,p.I800I,80341,1,substitution_synonymous
791,c.2371G>C,p.E791Q,419702,1,substitution_missense
777,c.2330G>T,p.R777M,284016,1,substitution_missense
733,c.2198A>G,p.K733R,6148,1,substitution_missense
725,c.2173G>A,p.D725N,1041506,1,substitution_missense
693,c.2078G>A,p.R693H,327062,1,substitution_missense
667,c.2001C>A,p.F667L,86947,1,substitution_missense
661,c.1981C>A,p.Q661K,768,1,substitution_missense
643,c.1928A>G,p.Q643R,34163,1,substitution_missense
604,c.1810T>C,p.C604R,1041500,1,substitution_missense
594,c.1780A>G,p.K594E,87304,1,substitution_missense
553,c.1658G>A,p.S553N,29106,1,substitution_missense
552,c.1656G>T,p.W552C,86991,1,substitution_missense
552,c.1656G>A,p.W552*,37025,1,substitution_nonsense
551,c.1652T>C,p.L551P,308547,1,substitution_missense
550,c.1649T>C,p.F550S,29097,1,substitution_missense
549,c.1645G>C,p.D549H,219119,1,substitution_missense
547,c.1641G>C,p.E547D,729820,1,substitution_missense
544,c.1631C>T,p.T544I,249876,1,substitution_missense
542,c.1625A>G,p.E542G,761,1,substitution_missense
541,c.1621T>A,p.S541T,249873,1,substitution_missense
540,c.1618C>T,p.L540F,219115,1,substitution_missense
539,c.1615C>T,p.P539S,249880,1,substitution_missense
539,c.1615C>A,p.P539T,41779,1,substitution_missense
538,c.1613A>G,p.D538G,29123,1,substitution_missense
537,c.1611A>G,p.R537R,781,1,substitution_synonymous
533,c.1598C>T,p.A533V,29314,1,substitution_missense
531,c.1592T>C,p.L531P,41784,1,substitution_missense
530,c.1589A>G,p.Q530R,33701,1,substitution_missense
526,c.1576A>G,p.N526D,328015,1,substitution_missense
524,c.1571G>A,p.R524K,53245,1,substitution_missense
524,c.1571G>T,p.R524M,21465,1,substitution_missense
523,c.1568T>C,p.L523S,41782,1,substitution_missense
522,c.1565A>G,p.E522G,29479,1,substitution_missense
521,c.1562A>G,p.N521S,29121,1,substitution_missense
520,c.1558G>A,p.D520N,29096,1,substitution_missense
515,c.1544A>G,p.N515S,96903,1,substitution_missense
497,c.1491T>C,p.N497N,246586,1,substitution_synonymous
497,c.1490A>G,p.N497S,249878,1,substitution_missense
495,c.1484A>T,p.H495L,729823,1,substitution_missense
495,c.1483C>T,p.H495Y,1041490,1,substitution_missense
471,c.1411C>G,p.P471A,87303,1,substitution_missense
466,c.1396C>T,p.P466S,230020,1,substitution_missense
457,c.1371C>G,p.N457K,41785,1,substitution_missense
453,c.1358A>C,p.E453A,86045,1,substitution_missense
451,c.1352_1366del15,p.G451_L456>V,6150,1,complex
450,c.1349_1380>TAG,p.H450fs*9,166414,1,complex
449,c.1345C>A,p.P449T,18601,1,substitution_missense
449,c.1343_1363del21,p.P449_L455del,86070,1,deletion_inframe
446,c.1338G>A,p.W446*,327060,1,substitution_nonsense
407,c.1221C>G,p.C407W,51258,1,substitution_missense
405,c.1214C>T,p.S405F,6149,1,substitution_missense
391,c.1173A>G,p.I391M,328028,1,substitution_missense
378,c.1133G>A,p.C378Y,1041479,1,substitution_missense
378,c.1133G>T,p.C378F,21450,1,substitution_missense
359,c.1075G>C,p.G359R,1041475,1,substitution_missense
357,c.1070G>T,p.R357L,307526,1,substitution_missense
357,c.1070G>A,p.R357Q,276751,1,substitution_missense
350,c.1049A>G,p.D350G,271785,1,substitution_missense
350,c.1048G>C,p.D350H,755,1,substitution_missense
349,c.1045C>T,p.R349*,29614,1,substitution_nonsense
345,c.1034A>G,p.N345S,13476,1,substitution_missense
343,c.1028A>G,p.Y343C,21436,1,substitution_missense
342,c.1026C>T,p.T342T,40464,1,substitution_synonymous
342,c.1024A>T,p.T342S,582513,1,substitution_missense
341,c.1022C>T,p.A341V,29613,1,substitution_missense
339,c.1015C>T,p.L339F,21424,1,substitution_missense
320,c.959G>T,p.G320V,729825,1,substitution_missense
309,c.926_926delG,p.R309fs*10,166341,1,deletion_frameshift
308,c.923C>T,p.S308F,304027,1,substitution_missense
298,c.892C>A,p.P298T,22538,1,substitution_missense
285,c.854T>C,p.L285S,327067,1,substitution_missense
272,c.816T>A,p.Y272*,479740,1,substitution_nonsense
258,c.772G>A,p.D258N,167011,1,substitution_missense
222,c.665C>T,p.A222V,86047,1,substitution_missense
209,c.627G>A,p.L209L,729827,1,substitution_synonymous
184,c.550A>G,p.K184E,27503,1,substitution_missense
179,c.536A>C,p.K179T,27496,1,substitution_missense
173,c.518C>A,p.S173Y,27501,1,substitution_missense
160,c.478C>A,p.H160N,27500,1,substitution_missense
158,c.473C>T,p.S158L,27492,1,substitution_missense
140,c.418C>A,p.R140R,582515,1,substitution_synonymous
134,c.400C>T,p.P134S,27491,1,substitution_missense
133,c.398A>T,p.D133V,24831,1,substitution_missense
124,c.370C>A,p.P124T,753,1,substitution_missense
114,c.341_342insCCTCAA,p.N114_R115insLN,51259,1,insertion_inframe
113,c.337_342delCTCAAT,p.L113_N114delLN,166154,1,deletion_inframe
113,c.337_339delCTC,p.L113del,21448,1,deletion_inframe
112,c.335T>A,p.I112N,24711,1,substitution_missense
111,c.333_335delGAT,p.K111_I112>N,27490,1,complex
111,c.332A>G,p.K111R,14052,1,substitution_missense
111,c.332_334delAGA,p.K111del,750,1,deletion_inframe
111,c.331_339delAAGATCCTC,p.K111_L113delKIL,446000,1,deletion_inframe
108,c.323G>T,p.R108L,729829,1,substitution_missense
108,c.323G>C,p.R108P,749,1,substitution_missense
108,c.321_323delCCG,p.R108del,27499,1,deletion_inframe
107,c.320A>G,p.N107S,1041462,1,substitution_missense
106,c.318C>A,p.G106G,166340,1,substitution_synonymous
106,c.317G>C,p.G106A,166339,1,substitution_missense
106,c.317_325del9,p.G106_R108del,13475,1,deletion_inframe
106,c.316_324delGGCAACCGT,p.G106_R108delGNR,445993,1,deletion_inframe
106,c.316_324del9,p.G106_R108del,29641,1,deletion_inframe
104,c.311C>T,p.P104L,163485,1,substitution_missense
104,c.311_316delCAGTAG,p.P104_G106>R,27498,1,complex
104,c.311C>G,p.P104R,747,1,substitution_missense
103,c.309_317delACCAGTAGG,p.E103_G106>D,214489,1,complex
83,c.248T>A,p.F83Y,304777,1,substitution_missense
80,c.238G>A,p.E80K,163484,1,substitution_missense
79,c.236G>T,p.R79M,582518,1,substitution_missense
75,c.223C>G,p.Q75E,39166,1,substitution_missense
65,c.193G>A,p.E65K,729832,1,substitution_missense
60,c.178C>A,p.Q60K,12579,1,substitution_missense
39,c.116A>G,p.E39G,1041452,1,substitution_missense
38,c.113G>T,p.R38L,729834,1,substitution_missense
38,c.112C>A,p.R38S,87310,1,substitution_missense
38,c.112C>G,p.R38G,40945,1,substitution_missense
38,c.112C>T,p.R38C,744,1,substitution_missense
19,c.56G>A,p.R19K,249774,1,substitution_missense
18,c.53C>T,p.P18L,48669,1,substitution_missense
17,c.50_52delCCC,p.P17del,35475,1,deletion_inframe
17,c.49C>T,p.P17S,27494,1,substitution_missense
15,c.42_64>TCCAA,p.L15_V22>PM,87211,1,complex
13,c.36_56del21,p.I13_R19del,166338,1,deletion_inframe
11,c.32G>T,p.W11L,582520,1,substitution_missense
10,c.28_48del21,p.L10_M16del,35324,1,deletion_inframe
9,c.24_56del33,p.E9_R19del,39613,1,deletion_inframe
1,c.1A>G,p.M1V,1041443,1,substitution_missense
